review_id,category,rating,anomaly_score,verified_purchase,reviewer_segment,near_dup_similarity,reviews_same_day,text_full,is_fake_manual_label
e84ce577da10df5caef82b56b5a67126,Health_and_Personal_Care,5.0,0.7536606491689954,False,Power reviewer,0.1838524762251883,3,"Great addition to my healthy bean brownies! Recipe included!. I am always looking to make regular meals healthier. I like to replace rice with cauliflower rice, replace white sugar with Stevia and use beans where ever I can. I used this sugar to replace half the sugar in a healthier homemade brownie pie recipe I have tweaked with the main ingredient being low sodium canned great northern beans. For all of you skeptics out there, don’t knock it until you try it. This recipe is one I found online however I have tweaked the ingredients and trust me: it will blow you socks off. Ingredients: 2 cans low sodium northern beans 1/3 cup cocoa powder 2/3 cup quick oats (keep whole or blend into a flour) 1/4 cup applesauce 1/2 tap salt 1 tbsp vanilla extract 1 cups sugar (half white/half agave insulin powder) 1 cup chocolate chips (half milk/half dark) Oil is to drizzle in (any oil works: grapeseed, olive, avocado, vegetable) Add all ingredients into a food processor and then on low. While on, slowly drizzle the oil into the food processor until the mixture is smooth then add in chocolate chips and then on high for a few minutes until everything is incorporated into a batter. Pour into a pre-greased 8 inch circle pan, cook for 25 minutes and then left cool in the refrigerator for 4+ hours. Slice and serve! It is best served warmed up with vanilla ice cream!",
ca81d670a0eb416f7aad2ae119909627,Amazon_Fashion,1.0,0.7318881710069212,False,Power reviewer,0.26224245802839063,1,"The Backings are Not Strong Enough. These are super pretty and super cute! BUT there is one design flaw that made me give this 2 stars. They are gorgeous! I was so looking forward to wearing them yesterday to church. I didn't do my hair intentionally because I wanted to put it on a ponytail so I could show them off. Five minutes into the car ride, they fell off my ears! The pieces are heavy -- the designer knew that, I knew they were heavy and backings are made of plastic/rubberized plastic but I thought to myself, they must have already tested and made sure these would stay on, but apparently not. Long story short, I ended up with no earrings that day. I felt naked. I usually wear studs but I wore these for a change. So disappointed. I looked like a man wearing a dress. I intentionally put my hair in a ponytail because I knew it the earrings would still make me look feminine. But I would rather look like a man than pick up my earrings while talking to someone. Very disappointing. I hope they change the backings. Hope this was helpful. Update: After reading the review, seller reached out to me and sent me another pair in place of the once and told me they will change it based on my review. Update: These are super heavy, they hurt. I don't recommend at all",
0cf98de9f3823e9e14f06d4dd4efdaca,All_Beauty,2.0,0.7298076938464217,False,Regular,0.22195586723924599,2,"Scent is Overpowering. Let me start by saying I love french-milled soaps. I love scented soap. I love guest/sample size soaps. I adore the delightful concept and packaging design of this set. It was on my wish list and I received it as a gift. I was looking very forward to having these soaps to add some holiday cheer to my home. Here's what happened. The person that purchased it for me was so overwhelmed by the strong scent that he had to triple bag the box and store it in a vacant room until Christmas. Each soap is individually wrapped. They're wrapped in plastic. Then in a box. Then they're double bagged in two ziploc bags. Then placed in yet another box, wrapped with wrapping paper. The box was under my tree for two days, and scent still managed to seep out and perfume all the other gifts under the tree nearby - but not in a pleasant way. When this was unwrapped Christmas morning it was so unbelievably overpowering my eyes watered. I didn't even bother to look closely at them - I could not get them back inside their ziplocs fast enough. People got headaches and complained loudly.. The entire downstairs smelled like a soap factory instead of the fresh cinnamon rolls I baked for Christmas morning. The soaps are now safely contained in their hazmat bags and stored in the laundry room instead of the guest bath. :( I'm really kind of bummed about this because I was so excited about these soaps. I want to try them or at least take them out and smell each one on its own, but I'm afraid to now. Greenwich Bay, if you read these reviews: please, please, PLEASE turn the scent levels down several notches in the recipe for these soaps. I think the scent must develop stronger as the soaps ""ripen"" because it's just much too much. Way more than any other french milled soaps I own.",
68a22d52a2d4d4e15027a1ea43b9c3ad,All_Beauty,2.0,0.7288797979369817,False,Power reviewer,0.3635082703172241,1,"$50 for a plastic brush?. Clearly Amazon has mis-priced this brush. $50, for a plastic handled brush and firm bristles? First, I am ok with the plastic handle. It is easy to grip and hold. And since it is plastic, you don’t have to worry about it looking faded after several washes (I do clean mine) like you do with the wooden ones. I’m even ok with the firm bristles (nylon and boar), because I have coarse hair and I’m not tender headed. I like that it smooths the hair easily. What I don’t like is the PRICE. I can’t believe they expect people to pay $49 for this brush. Yikes! And the sad thing is that it didn’t even come in pretty packaging. Just in a simple white box. So, while I am sure I will use this brush, I can’t get over the price. 2 stars",
51b0776d75f9798510de72915215bc9d,Health_and_Personal_Care,5.0,0.7256395222133445,False,Power reviewer,0.24359058642595866,2,"Helped my husband with his eyes. Daily Nutra Krill Oil is a pure and natural omega-3 supplement, providing a potent dose of EPA and DHA, along with the powerful antioxidant, astaxanthin, and is delivered in the highly bioavailable phospholipid form. According to WebMD, Omega-3’s in the phospholipid form yield greater fatty acid potential compared to the leading fish oil brand, which is typically delivered in the triglyceride form. The power of astaxanthin supports eye health, cellular repair and overall vitality. DailyNutra Krill Oil has been shown to support healthy cholesterol levels, promote joint health, improve the condition of the skin, support healthy brain development and mood balance. I have several diferent formulation of Daily Nutra brand. I personally use it for my joints.I gave this to my husband for eye health in addition to many other benefits. Prior to taking this oil my husband was complaining on eye dryness, despite of using eye drops. After using it he stated that his eyes feel moist and calm. I received this product discounted to test and review. I will buy from this company again",
88b3cdb84cfb1e6159efa4ce20db7e30,Amazon_Fashion,3.0,0.7254366470721333,False,Power reviewer,0.2691472961811029,2,"This beanie is one of the strangest I've had. It's shiny black, reminding me of the seventies when there was a weird trend of using what looked like galoshes rubber in coats...bright yellow and neon pink plus shiny. Didn't like them then and sure don't like the crinkley texture of this plastic material. My thought about the material was, well, it won't get soaked (in rain or wet snow), but the knit band would...and the next thing that came to mind was, sure wouldn't breathe well either, meaning your head is going to get hot in this thing. Not sure why it was packaged with socks and a face muff as they didn't go with this beanie at all. I mean, if you are offering extras, with this hat, a pair of gloves (adult size - not child size) or a medium weight scarf to keep the neck warm...I doubt I will ever wear this beanie. It's just a bit too odd.",
0ab502956e07072b7ae6cba29fc7e91f,Health_and_Personal_Care,5.0,0.7251015493116064,False,One-off,0.7735380166173779,39,Five Stars. these are great and love the color,
f054518ff5775a6f433b8011e7a535e1,All_Beauty,5.0,0.7249593401883645,False,Regular,0.23236427013027472,9,"12 stars. I am a professional stylist in Los Angeles, Ca and I have tired many products Its a 10 and 12 benefits being similar to this product. What I find different about this product is the thickness of the formula! The smell is wonderful and I have gotten compliments so far. I usually test out a product on myself before subjecting clients to them and this one is a winner. It is a great detangled and awesome for protecting your hair from excess heat of hair dryers, flat irons and curling irons. It is a small sized product which is easy for travel or to not clutter up your bathroom cabinet. I really like that this product is so many things in one it really helps to cut the cost and clutter of other products. I have even used this on my two year old daughter and she like that it doesnt hurt when I comb out her hair.",
c1ca0d76767ddd1cd068fa5cf9daf929,Amazon_Fashion,4.0,0.7248021173688464,False,Power reviewer,0.45519049132679557,2,Brown mens leather belt. Leather mens belt. This is a heavy duty sturdy leather belt. The buckle is a heavier duty silver color. The entire belt is very well made and made from quality materials. The length of the belt is 42 inches and it has a 2 inch buckle. This is a great medium brown colored leather belt. This belt looks good with jeans.,
0d1ad16436c416e3419f04c55bf5c317,Health_and_Personal_Care,5.0,0.7242102645660009,False,Power reviewer,0.2480325874120538,3,"Great all over the house. These are used all over hour house. From kitchen to the craft room, and many places in between. My husband even uses them for stuff in the garage and his electronics. They're sturdy and hold a lot. I also love that you can see through them easily.",
3d781f3cc2cee4bc0489418a35fc64ef,Amazon_Fashion,2.0,0.724007932922443,False,Power reviewer,0.250893508275569,2,"Soft and Cuddly. Orchid Row's faux fur neckwear is very fashionable and that's pretty much where it's functionality ends. It's great as an accessory and doesn't offer much more in any other way. I don't much appreciate the WANTED detail on it. Not only it doesn't add much to the design, it even takes a great deal from it. Not something I would really wear out to either work or much else.",
c4e3fd0c4332cf17e375d6723d068f28,Health_and_Personal_Care,3.0,0.7228432045367275,False,Power reviewer,0.2542662554379427,3,"it somewhat works to curb the appetite, but need to drink it consistently.. This product came in a nice ziplock style bag. When I own the bag it can be messy as the powder is real light so tends to fly around a lot. So I transferred into a larger pack that I can have more control. It has a small scoop in the bag but it took me a little while to find it. The taste is not great so I have to mix it with my protein on my shakes, it is impossible to drink it by itself, even doing it with my shake it takes a lot of the taste of the shake away. IT does curb my appetite but I have to drink it every day to keep working. Overall works but needs an amount of dedication to use to work.",
5e47a309576fdb104a0f8197fe44ffc4,All_Beauty,4.0,0.7215923772672985,False,Regular,0.3440049924231169,5,"Leave out the Conditioner. The first thing I noticed when I opened the bottle was that it was white. That pearly looking white that soap products sometimes are. This is different from the other Argan oil products (shampoos specifically) that I have tried. Most of them are clear. I don't really catch much of a scent. That is much better than a bad scent. A little bit of shampoo goes a long way. It has left my hair feeling clean and soft. I have been using Argan oil shampoo for some time and find that my hair feels fuller and seems to grow faster. It is very healthy looking. The conditioner has the same non-scent as the shampoo. It looks and feels like any old conditioner. I can't really say that it has made my hair any softer or better feeling, more manageable, etc, that conditioner does. I think that the shampoo does a fine job without the conditioner. Since I believe that the shampoo is a great product, I am giving it 4 stars, loosing one because the conditioner seems useless but it doesn't hurt anything either. I would definitely recommend the shampoo.",
7fe41067dcce64dd43a95e1b98953900,All_Beauty,5.0,0.7204859582581564,False,Regular,0.2893086680913691,8,"The shampoo has a nice light smell and is in white in color. This Argan oil shampoo has really helped restore my hair. My hair now feels so soft and silky smooth. My hair has a lot less frizz now. The shampoo has a nice light smell and is in white in color, but comes in an amber pump bottle. If you have dry damaged frizzy hair, I would really recommend giving this shampoo a try. Product was supplied at no cost to use for the purpose of review. I am disclosing this in accordance with the Federal Trade Commission’s 16 CFR, Part 255: Guides Concerning the Use of Endorsements and Testimonials in Advertising. I am not affiliated with the seller or company and make no promises of a good rating while reviewing the product. I test thoroughly and do my best to provide detailed reviews to other customers so they may make informed decisions. If you have any questions please feel free to leave a comment and I will get back to you as soon as possible.",
534b8132749596b371e4b6a040bd7459,Amazon_Fashion,5.0,0.717483450105758,False,Power reviewer,0.2978760125422467,2,"I like it. This is small, can hold change, credit cards and identification. It also has a couple of slots for paper money. What is really nice though, is that if you put more in it than the first closure can handle, it has another snap a little further up to give you that extra room. The change portion has a snap also. And the wallet is made of leather. It is small and will fit in your pocket.",
2bc1efe9f81ef28d826f73c41f6781fa,All_Beauty,5.0,0.7158829732319026,False,Regular,0.2521730623303309,9,"I read the instructions and was a bit annoyed at first that you have to let it soak. I was greatly surprised to see how well this worked. I read the instructions and was a bit annoyed at first that you have to let it soak. But then it occurred to me that it's all natural so what is the problem with letting it soak? I prefer to use a natural ingredient rather than put chemicals on my skin as much as possible. This answered a need for one of my favorite hobbies. I love to polish my nails and tend to get bored with it quickly. Or if it chips it has to come off. It's now a pleasure to change my polish and not have acetone on my skin or the annoying smell. This is a great product and one I will be purchasing in the future for me, family, and friends.",
7f2fd897a34515b98169f2e2e215d7e0,Amazon_Fashion,5.0,0.7143061202569415,False,Power reviewer,0.40154634784208687,1,"I like it. So cute! Very comfortable and looks great. The material is soft and light, and the color as pictured. Fits well and very comfortable, but roomy in half for women with C/D cups Overall a good product and I would recommend",
4f2bbd5c2f2a09821d00b27b7fe37ed9,Amazon_Fashion,2.0,0.7133686938452368,False,Power reviewer,0.5926498402980681,1,Does not attach to all glasses.. These do not attach onto my prescription glasses. The clip-on comes with a pair of flimsy clear glasses that it does attach to. I keep the set in my car as backup sunglasses.,
abda921c1910f06b22ce94ead8464ec4,Health_and_Personal_Care,5.0,0.7131550249057843,False,Regular,0.24589579457706212,9,"You will get the complete multivitamin here. MULTIVITAMIN, the name itself bring the energy.My mother aged 65 years old.She is using so many anti-diabetic as well as anti-hypertensive drugs apart from that doctors advised her to take multivitamins.I those patients multivitmamins play a major role in keep them active and energetic.She had used so many medical as well as natural multivitamins.Still she is feeling tired and not active.My uncle advised Earth Star Complete Multivitamin, she is using these capsules past 45 days now is feeling very active and energetic more over these capsules does not give bitter taste or bad odor unlike other multivitamins.Earth Star Complete Multivitamin also helps in improving the immunity.I recommend this product.",
0ef010144c2bba1e57a5f449feffc9d1,All_Beauty,4.0,0.7120058833823552,False,Power reviewer,0.23872591455556003,2,"So fun!. My 3 girls ages 4our through eleven enjoyed this set. The little dinos are cute. I appreciated the fact that it came with three little paint sets, though I do wish they had all been the bigger size. Since two of them were tiny, there wasn't quite enough paint to cover all the dinos, especially if you mi any of it on the little paint palettes (though I do like that it included palettes. The paintbrushes are a nice variety and good quality. The little mat is cute, and it's fun that it folds up into a storage cube, though the velcro could be stronger for that, it's not a very sturdy cube. This is a great activity for an afternoon at home and I think my four-year-old will enjoy playing with the dinos and the mat in the future as well.",
61c63ef7c19acbdc18e607c0547414ac,Amazon_Fashion,2.0,0.7113408604502545,False,Power reviewer,0.3089879841059101,1,"Not comfortable at all. Did not like these “Kosy Komfort” socks/shoe liners as they were definitely not cosy or comfortable. The elastic stitching around the top was too thick and when wearing shoes it would leave itchy red marks. The sock material itself was scratchy and rough (even after laundering) and left my feet itchy and irritated. There was enough fabric in the toe area to keep the socks in place, but not in the heel. Even with the slicone grips on the inside of the heel fabric, I was constantly having to pull these back up over my heel as they’d continually slip off every few steps. Didn’t matter what style of shoes I wore them with - slip-ons or sneakers. I give them two stars because they are indeed no-show with summery low cut slip-on shoes, which is what I was looking for, but the missing comfort and quality put these in the ‘loss’ category.",
b7943e9c3a6ab0735c94f4a7e08228ff,All_Beauty,5.0,0.7103796671797256,False,Power reviewer,0.27405242259364704,2,"Good quality!. I have super fine hair so these are the only thing that works to clip my hair back, but they do wear out after a while so I am always interested in stocking up, and at this price it's a great way to have variety and quantity. They are a good assortment and well coated so they don't snag your hair, the clip snaps tight too to really keep a hold on things. They are very glossy, and if you like bright colors there are some brights in there, but also pastels and earth tones. I kept the neutral ones and small of the more muted colors and am giving the rest to my 13-year-old niece who loves bright colors.",
765619f2bd802542b1526a623edaf276,Amazon_Fashion,4.0,0.7097995913396729,False,Power reviewer,0.2955256755552811,2,"Beautiful dress, but snags easily. Love this dress, the material is so delicate and soft. It feels luxurious but I am disappointed my diamond engagement ring has snagged it a dozen times on the first outing.",
fa70c063fb178dcc17489d390a66de13,Amazon_Fashion,1.0,0.7097179832514416,True,Regular,0.19106439863123348,5,Didn’t hold up to expectations. Took one right out of the package and went to buy groceries. I only put a 2 gallon milk and a 1 gallon juice with a bag of baby carrots. From the walk to car from the store and to the home from the car that bag started ripping at side seam. It didn’t hold the weight it claimed to at all.,
c74a85c87967ff4c2e6a5e1a6ccdc17d,Amazon_Fashion,5.0,0.7095017223479987,False,Power reviewer,0.5858034910710749,1,so soft. These pj's are so comfortable! Love them!!! A+,
b0d313c637d7537c42f7e726ba1ca296,All_Beauty,1.0,0.7089385087793428,False,Regular,0.3495423823208278,2,Hate this product. Hate this product! It is not for all skin types as claimed. It burned when I used it and left me with more pimples than I have ever had.,
3c7f308dcb407030183ecd539be127c6,Amazon_Fashion,5.0,0.7082197468869301,False,Power reviewer,0.25692153867006673,2,Great casual scarf!. I really like Orchid Row's items! This is a great lightweight scarf that goes with any outfit in your wardrobe. I love the delicate lace details along the edge. You can wear this year round comfortably. I really like the soft material and it's a really good length to twist into different knots.,
23e23008476a9361b51766a6f4c42a5d,Amazon_Fashion,4.0,0.7081203772918347,False,Power reviewer,0.2508776214575583,1,"Works Well On Most Shoes. We had a few pair of shoes that needed cleaning, so we tried this set. WHAT IS THIS LIKE? This has a sponge surrounded with a brush with it as well as the cleaning solution that is in the bottle. The idea is that you wet the sponge/brush head of the bottle and then use the combination on the dirty shoe. HOW DOES THIS WORK? This can be used on the dirty soles of the shoes as well as leather, or textile shoes. You slowly use the sponge/brush tip to slowly clean the shoe in a circular motion. Once the shoe is entirely cleaned, then you wet a sponge and wipe the shoe clean. HOW DOES THIS PERFORM? This works beautifully on leather shoes (tough ones, not the soft porous leather types), but there was one pair of textile shoes it did not work on as well as I had hoped. It still worked somewhat though. THE BOTTOM LINE For a versatile shoe cleaner that does clean shoes well- especially leather- this is handy to have on hand. It won't do tons of shoes though, so if you have a lot, you might want to get several of these. MY RATING FOUR STARS. This worked well on some shoes but not one textile pair I tried it on. Also, the bottle is quite small, so having more on hand if you have a lot of shoes is important.",
ecebe0835ebcd85d73d59338c78c4c41,Amazon_Fashion,3.0,0.7077423310916521,False,Power reviewer,0.45540684404628395,1,"Good quality, but not my wife's style. The quality of the scarf itself is nice. It's soft, and not too thick. But the style of the scarf is just okay - my wife was a bit disappointed. It's not as pretty as she expected.",
e37472bc5dc1a39c929615df66f3d299,Health_and_Personal_Care,4.0,0.7074275619717325,False,Regular,0.32068460032700585,3,"Another option for straightening hair!. I straighten my hair almost every day - it's pretty much a must for me - so when I had the opportunity to try this hair brush straightener, I jumped at the thought of finding an easier, more convenient way to straighten my hair. The upside? It definitely does straighten my hair! If I divide my hair into sections (like I would with the straightener) and brush the small sections at a time, my hair does get straight (almost) as well as it does with the straightener. The downside? I had hoped this would be a quicker, easier solution than my straightener...and it just wasn't. I got ALMOST the same results in about the same amount of time. For me, it wasn't enough of a difference to switch from the use of my straightener on a permanent basis. My hair is medium thickness with a slight wave to it and I set the temperature at 450 degrees. I think I probably spent about 15 to 20 minutes with this brush straightener (the same amount of time I spend with my regular straightener). My hair has been difficult to straighten with some straighteners as well, so my hair could be part of the issue! If you are looking for a new way to straighten your hair and your hair is not difficult to straighten, I would definitely suggest giving it a try...maybe it'll work better than a straightener for you! The hair brush straightener is well-made, high quality, and as described. I was surprised that I didn't burn my head with the straightener, but it does have protections in place for that (anti-scalding tips). I received this product for free in exchange for my honest review.",
a55d5a37deaac641814364893f0c3bf3,Health_and_Personal_Care,4.0,0.7070113590094937,False,One-off,0.3388970593429399,6,"Fresh and Clean For Real!!. I received Crest Pro-Health Whitening Toothpaste in the Fresh, Clean Mint flavor free from Smiley360 to test, thus the opinions here are my own. I've been using this product for 10 days now (my fiance as well) and I very much like the long lasting, clean feeling that I get from this toothpaste. It seems to last much longer than with other toothpastes. We also both appreciated the texture being a little on the gritty side, since our old toothpaste is a baking soda/peroxide toothpaste. He also has sensitive teeth (to hot and cold) and says that Crest Pro-Health helped quite a bit with that! We both noticed a gradual bit of whitening, which I'm sure will increase with use (we are coffee and tea drinkers, so Crest had its work cut out for it). We were very pleased with this toothpaste overall, the only reason that I gave 4 stars instead of 5 is because I'm not overly fond of the wintergreen sort of flavor it has. I definitely recommend this toothpaste and will be purchasing in the future.",
709ca1d4de06828cf6546e16981f6cbd,All_Beauty,5.0,0.7054746312710837,False,Power reviewer,0.3948010418477006,1,It works. I like that it actually helps keep the wig in place,
a6014bf6efa67723434b67e382ea7f87,Amazon_Fashion,2.0,0.7045776730311395,False,Power reviewer,0.2757581933434218,1,"A mixed bag for this mixed bag. I like this a bit and I don't more. The fake (they call it ""PU Leather"") suede leather of the main black bag is nice looking. Then, attached is a shiny ""PU"" patent leather small purse bag. Not removable, as I thought it may be when I first looked at it. But attached. So it contrasts very much and the smaller shiny section really doesn't help the look to me. Though it is a smart idea, and is handy. The main purse section is one large opening when you zip it open. That's good. There is also a zippered separate compartment inside halfway down on the purse for stashing, although it does slightly show through the bag if you put in anything bumpy, like keys. The strap is also a mix of fake leather and sort of cheap feeling chain. I like the look of that, but the chain itself feels like it has a plastic coating or something. The shoulder bag also has a bottom that is soft and not necessarily stable on a table. It also comes with a bonus large ""grocery"" size bag, a nice extra. That is thick plastic with the logo on it. I don't like the fact that they now call fake leather ""PU"" with no explanation. I also think the bag design is not very well thought out for functionality. It can't figure out what it wants to be.",
cf964d6787a9356292993d10eee7b640,Amazon_Fashion,1.0,0.7044788144517365,False,Power reviewer,0.2516232162521379,1,"Not sewn together in the back neckline. I am giving this one star I really don't want to because it's very cute but as I was getting ready today and had my hair put up I noticed that in the back by the neck is a gap about 2 inches that wasn't sewn up to the neckline, I rather fix it myself and buy a little sewing kit even though I hate sewing and I can't see very well than go through the hassle of sending it back then waiting for another one. I wrote the company and asked them if this was a common issue so I am going to wait to hear back from them before I buy the green dress. Like I said it is pretty but I don't think it's right to buy something that has to be repaired and sewn before I can even use it. If it was sewn right I would give 5 stars and order the green one.",
f19e321b58b9897a06862d827b59a5e4,All_Beauty,4.0,0.7030389815888131,False,Power reviewer,0.3166689664382376,2,"Good quality. Sturdy components, good quality glass bottle, sprays a perfect super fine mist. No complaint at all about the quality, the price...a bit steep even for this quality but I don't find it obscene, hence only one star removed.",
c165944ddc6e3024ca25cca1cfffd64f,Amazon_Fashion,2.0,0.7029684228063363,False,Power reviewer,0.521581748985114,1,"Two Stars. T-shirt like material, not really a sweatshirt",
ff8b3e7eacecc5e5231215a3d3c601a0,Amazon_Fashion,1.0,0.7024248617612633,False,Power reviewer,0.3063441301174854,1,don't recommend. very fragile. Some broke within minutes. The ones that didn't had a pretty long battery life,
34934e7206a9f508276bd8a7219d95cc,Amazon_Fashion,4.0,0.7023943987777365,False,Power reviewer,0.2678697840487344,1,"Nice small bag.. I really like this bag and I have a few similar to it in style. Many times I don’t want to lug around a huge purse everywhere. Sometimes I just need my phone and my card/id. I like how simple this looks as it would go with any outfit. I like how the strap is adjustable. I like to wear it crossbody resting at my hip level. This bag has two zippers. With the larger zipper, the interior has a single pocket where you can place a few credit/id cards. The second zipper could accommodate small items. I placed my phone (iPhone 7) and the top of it pokes out of the second zipper. The front is embossed with “Just For You Fashion Accessories”. I ended up going over it with a sharpie as I don’t like branding. I wasn’t a huge fan of the hoop placement for where the strap attaches. I don’t like how the loops are on one side of the purse. It would feel more balanced while wearing if the loops were instead caddy-cornered. This bag came with some nail trimmers too. It’s a nice looking bag.",
92f8ae56514732937ec54a2fabac262c,Amazon_Fashion,5.0,0.7023254864173237,False,Power reviewer,0.34237196318086327,1,"Perfect!. These are awesome plain shirts. They fit great, as expected and they look great. They are very comfy to wear. There is always a ton of uses for a plain black or white shirt. like any white shirt, it is best to wear a nude bra under it. I am very happy with these shirts and will get a ton of wear.",
05cf0db2c362a6043220018e09aa2205,Amazon_Fashion,5.0,0.7021564665556421,False,Power reviewer,0.214811016521401,1,"Definitely Waterproof. As far as waterproof bibs go, I like it. It snaps around your neck and also has snaps that allow you to fold up the bottom like a catch all for dropped food. It is absolutely water proof. I poured some water on it and the large bead of water just rolled around without being absorbed or dampening the material in anyway. It’s long enough that you can place the end section on top of the table with lots of room to use it as both a bib and a tablemat at the same time.",
7184c20a6a04d9f7aa75b00bdb639146,Amazon_Fashion,4.0,0.7021564665556421,False,Power reviewer,0.21811136981678325,1,"Several issues with the Style 2 pairs. These are pretty long style dangle earrings. While cute I had some issues. The black and gold pair had one feather attachment that wasn’t attached. Was a pretty simple fix , the link wasn’t pinched close enough and I was able to correct that in less then a minutes. Not a big deal but the other pair with the multicolored beads didn’t match each other at all. I don’t know if that was a design or a flaw but for me it was annoying. Both pairs have open back hooks. I had no irritation, lobe swelling, or tarnish marks when wearing.",
e414d035097202a7c865d609e4c8687d,Amazon_Fashion,5.0,0.7013755837189726,False,Regular,0.8977768685381866,1,Five Stars. Item great love them,
39ec8e5c0d48d3b01ca75caba7397f12,Amazon_Fashion,5.0,0.7008310365159293,False,Power reviewer,0.38374968617681815,1,"High Quality Tights With A Non-Rolling Waistband Are Super Comfy & Soft. Stocking Fox Women's Plus Size Opaque Stretch Black Tights XX-Large 2-Pack are comfortable, high quality tights. These opaque tights are true opaque, covering your legs completely in a non-sheer black. The fit is smooth, but not tight, leaving room for your skin to breathe. They are so comfortable in their fit, you feel like you aren’t wearing heavier opaque tights at all. A wonderful feature on these tights is the waist band. It is made very wide- so wide that it never rolls over. Every pair of pantyhose and tights I have worn always roll over, even just a little- but not these- the band stays smooth and in place. As for comfort, these are so soft and breathable, your legs feel great in these. They are not control top, but do keep your waist in place, but if you need control on your middle, you may want to use a pair of control top panties over these. Washing these is a snap, just put them in a net bag in your wash and line dry. I can see these getting a lot of wear, due to the thick opaque material being 85% nylon, 15% spandex and 70 denier. I am almost 5 feet 9 inches tall and weigh between 180 and 190 pounds and the XX-Large size fit lovely- not tight, just right. I could see a woman smaller or larger than me being comfortable in these as well. Beautiful, high quality tights with a non-rolling waistband that are so comfortable and soft to wear gets a big 5 STARS.",
e01dfc525266d12eaf1026d8dcc3e989,All_Beauty,5.0,0.7004019644035144,False,One-off,0.3230523401546811,8,"I only used this one time but it's amazing. My hair is very dry and requires a .... I only used this one time but it's amazing. My hair is very dry and requires a lot of conditioner to get him somewhat soft. This shampoo however, once I rinse it off it let my hair soft! Wow! The conditioner only added to the wow factor. Love the fact that the oil bottle has a pump so it's easier to get it all over your hair. I'll give it 5 stars. The only downside for me it's the price. I got it on prime sale, and I would definitely purchase it again, but only on sale. If you can afford it buy it! It's really with it !",
b410f1c24c2933cd3b257d0d4072eb19,Health_and_Personal_Care,5.0,0.7003297571441863,False,Power reviewer,0.2778243137724291,2,This selfie stick works great. The selfie stick is easy to use and easy to hold. I love that it has the bluetooth remote. So much easier than setting the timer for selfies. It extends to a good length and the tripod is a great bonus! Love everything about it!,
b346aa70aa2ba8d65520746267551c28,Amazon_Fashion,5.0,0.700022261239518,False,Power reviewer,0.38374968617681815,1,"fit for a wide range of sizes and heights. This 2 pack of footless tights is a great value. They are well made, snug control, and long enough for tall women. These tights are not completely opaque, they are slightly sheer, but if you look at the images provided, they show this accurately. They have good stretch, and tummy control. The color is a true black with a nice sheen. They are smooth and comfortable to the skin. They have a simple cotton crotch. Under lights I can see some lines, and demarcations in the weave but they are not obvious. These are not leggings, they are light to medium weight tights. I am 5'8"" 135lbs, 35 hips, 28 waist and the XL size is comfortable for me, but there is a lot of give and stretch and I believe that the sizing chart is accurate. Good value, I like them.",
9c7a550f6e181b61a808e804afedd371,All_Beauty,3.0,0.6999951463477541,False,Power reviewer,0.2743882753097968,2,"so so. This conditioner goes in smooth and washes out good, but my beard doesn't feel any smoother than it did beforehand, it is actually drying out my husbands beard.",
3be051a8da200201cad3e101e22f5976,Health_and_Personal_Care,5.0,0.699880933035497,False,Regular,0.2356754474988172,2,"big, bold cobalt bottle of lemon essential oil - great. The Radha lemon essential oil is wonderful – a big bottle of very strong smelling lemon oil (not a sweet lemon, but a very ‘true’ lemon scent). I use a LOT of lemon oil for making homemade dish soap and cleaners, so the big 4 oz bottle is great. You don’t need many drops to get the effect. Lemon essential oil cuts grease really well, and leaves a really clean scent. I stopped using commercial cleaners a few years ago and it makes a huge difference – dishes are cleaner, laundry smells better, and my skin is less itchy (recipe below for dish soap). I also use lemon oil a lot to clean my oven – nothing else seems to be able to get it looking that clean. The radha bottles are a trademark cobalt blue, protecting the essential oils from light and UV rays which can deteriorate the liquid inside – this extends the life of the oil and keeps it more potent. Their droppers are always high quality, also. Ingredients • 1 ¾ cups boiling water • 1 Tbsp borax (I've used this for the past 2 years and it lasts forever: [[ASIN:B00AZ6IH68 Mule Team Borax and Arm & Hammer Super Washing Soda Variety Pack]]) • 1 Tbsp grated soap (I use nonscented Ivory) • 15-20 drops 100% pure essential oils Directions 1. Heat water to boiling. 2. Combine borax and grated bar soap in a medium bowl. Pour hot water over the mixture. Whisk until the grated soap is completely melted. 3. Allow mixture to cool on the countertop for 6-8 hours, stirring occasionally. Dish soap will gel upon standing. 4. Transfer to a squirt bottle, and add essential oils (if using). Shake well to combine * I received the radha essential oil for evaluation and review",
2e7a13826ffe4d8bfe8b734149127341,Health_and_Personal_Care,5.0,0.6997711081059397,False,Regular,0.46939799424017925,6,Five Stars. Product for review: curls lashes great,
34c22d4ce718334121d6c24946f32389,All_Beauty,3.0,0.6997284953263659,False,Power reviewer,0.27302450487751995,1,"Very nice clip & hair tie set but clips will break easily; one broke immediately out of the package. This is a very nice set of 6 clips, 10 hair ties, and a case. I particularly love the blue clips. Unfortunately, the first blue one I tried broke immediately as can be seen in the photo. At least I have one blue left. The clips are strong and do  hold a generous amount of hair. I like the non-slippery feeling of the clip itself. The ties are ordinary but still functional. The current price of $7.99 is reasonable for this set but just be aware that the clips will break easily because the plastic is not that strong. I'm definitely annoyed about the one clip that broke.",
74fa16aabe75c5eca09a71d8efbdc31f,Amazon_Fashion,5.0,0.6994506429626939,False,Power reviewer,0.22872183157298165,1,Very nice costume jewelry. I like these handmade earrings. The design is unique and they are attractive. I'm not sure I believe these are natural mother of pearl. There is something that looks different than any of other Mother of Pearl I've ever seen though I fully admit to not being an expert. But they look nice. Women with long curly hair should realize there is a (decent?) chance that hair could get caught in these based on how they are put together. The set is attractively packaged and is appropriate for a gift for a special person - esp one who appreciates handmade unique items.,
73dc81a65281a06894385c2e2febd147,Health_and_Personal_Care,5.0,0.6993809762916646,False,One-off,0.4511666859175374,26,Love these!. These are great essential oils roller bottles! The blue helps to keep the oils fresh. They also roll on smoothly.,
28355b85723a870b5ce220f79e21a517,Amazon_Fashion,5.0,0.6993420531200132,False,Power reviewer,0.4932986386079248,1,"Great sock. Nice durable sock, color is fun, it’s a great length this sock is a little heavier meant to be warn on cooler days I would recommend",
a2e544772c05530476fe97f13378ca12,All_Beauty,5.0,0.6985287794066699,False,Power reviewer,0.2598451110772054,3,"How awesome is this.. I am amazed with this product. A tinted moisturizing sunscreen? My skin is very fair, where I live is hot all year round, and I apply only sunscreen for a day time, because using foundation and going out on a bright sun was melting my make up and making me feel dirty. This sunscreen is amazing, my skin looks fresh and is glowing, I don`t look like I have foundation at all, yet my face is of a nice shade. I love this product, much better effect than it sounds. I received a sample.",
2b1d269a6418299e8d22624941b8542b,All_Beauty,3.0,0.6984641787896135,False,Power reviewer,0.31771631102745235,1,"Serum works but pump doesn’t. The product itself works okay around my eyes as the listing stated it would and helps my under eye area look noticeably better. It blends easily into the skin, and I did not need to use very much. I like that you can also use it on your entire face if needed. I tried that also, and found that while it brightens my face a bit, I do still need to apply a moisturizer over it to get proper hydration for my dry skin. This serum has a very subtle, barely noticeable scent which is pleasant. Sadly, the pump dispenser on the bottle I received does not work at all. It does turn to lock and unlock, but no matter what I did the pump did not work. So in order for me to use it I have to unscrew the cap every time, pull the pump tube out, and wipe some product from the pump tube. This serum is very thick and more like a gel, so it is way too thick to tilt the bottle and expect a drop to come out. The defective dispenser pump was a disappointment.",
1ce53a37aa5610f4f0e15bf01940455b,Amazon_Fashion,5.0,0.6982282882914504,False,Power reviewer,0.4557994100592956,1,"This is gorgeous.. When I opened this I thought it was a blanket at first. It is so vibrant, soft and the material is of superb quality. A really pretty scarf. Get it as a gift and one for yourself!",
048a303f979913c6fdfcfebc15b0dede,Health_and_Personal_Care,5.0,0.6978373486317757,False,Power reviewer,0.2620963907085275,1,"Extremely comfortable!! Better than I expected. 5/5 Rating When these arrived I didn't think much of them. I opened the package, traced the sole from my other shoes and cut to form. Once I put them on I could immediately feel the difference. I will be using these more on the photography gigs I go on. I'm constantly on my feet for hours on end. and depending on the shoes it can be BAD!! During my photography hangover (the next day when you spend all day recovering) I always tell myself to get better more comfortable shoes. With these inserts it feels like it molds to the shape of your foot. Initially they don't look like much but they are extremely comfortable and definitely better than what you would buy in Walmart.",
7181946825a8c584884d80a6d0bf9e78,Amazon_Fashion,1.0,0.6978017255315365,True,Regular,1.0,1,SMALL. WAY TOO SMALL!,
6ff90a8ee48ed283196d80dc87e7cf74,All_Beauty,5.0,0.6976463220449133,True,Power reviewer,0.26368781374432604,2,"LOVE LOVE this. I don't know how I never heard of this before. I love this, it feels a little rough but my skin has gotten used to it and I love how my skin feels. I had some acne problems on my back during the summer and within a couple weeks, all gone no problems what so ever. I tried to use it on my daughter but she says it hurts, so it's back to wash cloths as after reading an article on loofahs, those will never be in my house every again. This dries well and it's perfect for your back without having to buy a different bath item.",
34e74c99377ae50839d41cec092a3286,Health_and_Personal_Care,5.0,0.6976410199966865,True,Power reviewer,0.2091497325728473,1,"Good idea but needs improvements.. I bought a package of two because I was trying to approximate the Facia Blaster (not available on amazon at this time) and hoped this would work just as well. Probably would have been workable except for two things... the octopus top has a face and the nose part of the face is pokey when you're grabbing the top and trying to ""blast"" your facia with it. Also I had only been working for about 5 minutes when the top of the first one unscrewed and when I tried to screw it back on again (these are two piece massagers that you screw the top handle part onto the bottom fingers part) it was stripped and would just spin in a circle and come off again. Could'nt be secured in place. If this were a solid single piece construction and a smooth knob for the top it would have been a GREAT option for facia blasting. I think I'll just end up buying the actual facia blaster. UPDATE: I had been giving up trying to approximate the facia blaster and was about to buy the product but I had been hearing from youtube reviews that it was taking a long time to arrive and I didn't want to stop efforts to blast while waiting waiting waiting. I found a DIY facia blaster online and decided to make one and these little guys are just the ticket. Hooray. Here's a link to the DIY project tutorial: http://www.wellnessgeeky.com/homemade-fascia-blaster-alternative-diy/",
d56a5cab9611b889741368f06afa3ff7,Health_and_Personal_Care,3.0,0.6973653611196963,False,Power reviewer,0.2506702077960299,1,"Baby oil made with soy and coconut oils plus vitamins and fragrance - OK, but not all natural. This baby oil is a gentle oil with a bit of added fragrance. The ingredients seem to be mostly naturally derived with the exception of the fragrance and a lab-made vitamin C. It seems unfortunate to me that an otherwise pretty natural product has a synthetic scent added. While this is better than some other baby oil products it is a bit expensive and has the added fragrance, which is not too strong but not a purely natural scent. The oil comes with instructions for massaging a baby with it as well as a note that you may need to pump the container multiple times to get the oil flowing. This is a Johnson & Johnson product made in Greece. Hopefully this big consumer products conglomerate will commit more fully to some all natural products in the future.",
723f3de57c898e6beeef58cc26bb7777,Health_and_Personal_Care,3.0,0.6972311263588002,False,One-off,0.3388970593429399,5,"Like most other toothpastes. Not the best for sensitive teeth.. I received a free sample of this toothpaste through Smiley360. I saw it mentioned sensitivity on the package and was glad to try it because I have very sensitive teeth and gums. The toothpaste DID burn my mouth similar to most other regular toothpastes. I use other sensitive toothpaste and it is much milder than normal, this toothpaste did not QUITE fit that bill. So this is not the best way to go if you're like me, but if you don't need sensitive toothpaste, then I'm sure this is fine.",
0c5166a60e36c78ec7172e012b2fcb00,All_Beauty,4.0,0.6971185764895232,False,Power reviewer,0.28292689379451086,2,"Great moisturizing cleansing balm. I have used the Farmacy cleansing balm for 3 years and this is the first time I have used another brand. I find this balm very hydrating. It removes waterproof makeup very well, has a very fresh scent and with a bit of water turns into a milky cleanser. It also comes with a scoop for sanitary use. Overall, it is a great cleansing balm at a reasonable price. Highly recommended.",
a2254229e2978878052f5e1e29fdad4a,All_Beauty,5.0,0.6964389128242297,False,Power reviewer,0.48858862972336325,1,"Great. I tried out this facial mask, and the face feels so great! I highly recommend this facial mask. It is a great product.",
5d6f213e499742151215594d4dc4a7b6,Amazon_Fashion,4.0,0.6962839908820284,False,Power reviewer,0.2523971216755647,1,"Cute compact crossbody purse!!. [[VIDEOID:3c39247cc75e5acf7afe70e85a4a1628]] Such a cute, CUTE purse! Came with a shoulder or over the body cross strap along with a wrist strap so I can switch it out. Straps have a metal detachment for easy removal. The neutral tan is a great earthy color that goes with everything! The tassels on the front is a stylish decor element for pop: An exterior snap-over-close flap, an interior id slide out pouch with several card slots and a nice billfold slot for dollars. On the back, a zippered pocket for change. This is so adorable and my only slight complaint would be the curious gap in the closure (?). I don’t know why there is so much space there and things can slip out from the gap. Doesn’t bother me near as much as I thought, but reducing the gap would be a design suggestion I’d give; Still cute, stylish, and functional. Made very well and compacted with nice variety of slots/pockets.",
4936f944ed0b07731b61c585df90df72,All_Beauty,5.0,0.6948259688544048,False,One-off,0.9944285153813349,3,Five Stars. Love! Love! Love!,
9510516765db2bbe1c7465c2f77befbb,Amazon_Fashion,4.0,0.694402153602787,False,Power reviewer,0.29986011112251343,1,"Not For Us Smaller Busted Women. So, as for the waist and bottom - this fits perfectly but the bust is rather odd. At least on me. I am smaller breasted for my size (size 20 for reference). I got the wine red color and it’s absolutely gorgeous. I’m so bummed the bust fits poorly on me. It is rather provocative but not too much so that one couldn’t wear it on a public beach. I suppose if I had bigger breast the top would look better and fit better. But it’s just too loose on my chest for me to wear. The quality of this swimsuit is nice and feels of nice quality. There is also sewn in bottoms that offer a nice amount of coverage on the butt (I don’t like my butt all out in swimsuits). So, for the top not fitting (even after messing around and adjusting) I’m going to give this swimsuit 4/5 stars.",
bee6da29af770c7feed54c3c13da6659,Health_and_Personal_Care,5.0,0.6936570765310385,False,Power reviewer,0.2411247352141298,1,"Very nice reusable storage containers. These storage containers are fantastic and work just like the name brand ones we've all used. Clear bottom with a see through blue top, and a really nice 24 ounce size that can hold soups or a salad but it's also big enough to hold a sandwich to keep it from getting crushed in a backpack. The lids seal fairly tight and don't leak under normal conditions. You can microwave these and they made from BPA free plastic. You can also freeze them. I think the best feature with these is they cost less than a dollar each so if you are in a situation where you need to throw one away or leave it at someone's house, it's fine. Or you can use them for years, since they don't really fall apart. They can get scratched up over time but they still work and I put mine in the dishwater with no issues. It's hard to give these storage containers anything less than 5 stars. They work well, are inexpensive, and are a great size for a variety of foods. You can even use them as storage containers for crafts and hobbies since they stack fairly well. An all around great product, practical and useful for so many things.",
891e50c5d7cff7c89b78d9007c811980,Amazon_Fashion,5.0,0.6934228095230711,False,Power reviewer,0.2568560905078512,1,barefoot workouts!. We workout daily and my wife always wears sneakers while I prefer a barefoot work out. She has been having some ankle and Arch issues lately and decided to start doing more barefoot workouts as my arches are stronger now than when I was a teenager. Her big problem is that she is constantly slipping on the carpeted living room where we do most of our workouts. These socks off a great grip on the carpet with out causing her to stick to the floor in other areas of the house. They fit perfect and are breathable and comfortable to wear. She says don't wear them with shoes as they feel strange and are a bit uncomfortable in shoes. These wash up just fine and no issues with shrinking. These are great workout socks.,
fa48fb6c36bcbc5e055b718cda0db75e,Health_and_Personal_Care,4.0,0.6934228095230711,False,Power reviewer,0.315439125694134,1,"Very nice roll on oil. This is a very nice roll on stick with hemp oil and lavender. It smells beautiful of lavender. It is a very nice lavender scent, much nicer actually than some of the diffuser oils I have found, very smooth and just plain beautiful. The oil feels great on the skin and I had no negative reactions to it. I enjoy applying it before I go to sleep because I enjoy the scent because I feel it is calming. When I got mine in the mail it did leak and there was a good amount in the bubble wrap that it was wrapped in. Seems this is a common problem so I hope they fix it since it is a shame that this product gets wasted like that!",
1560fd034aac6753beda7861c6551482,Amazon_Fashion,5.0,0.6933547773709763,False,Power reviewer,0.3262184130800877,1,"Konikite carbon fiber RFID wallet is a good looking way to protect your cards. My husband loves these wallets for when we do car trips. He puts in a few credit cards and his id and uses this as a travel wallet. The wallet has a nice carbon fiber finish, and a money clip on the outside for your bills. The small cutout allows you to access the cards in the RFID protection wallet for quick access when needed. The extra security of the RFID blocker provides a comfort factor when traveling to keep your information safe from scanners out there.",
fee9b73975d4cab853f8b0b6ee1a57db,Amazon_Fashion,4.0,0.6933255160712645,False,Power reviewer,0.230734378523757,1,"Not very flattering but feel great. I'm torn on this review because these jeans FEEL terrific to wear but LOOK awful. They simply are not flattering. The length isn't short enough to look fashionable nor long enough to appear standard. The buttock region appears flat and the overall impact is not great. On the other hand, I like the stripes (my personal flashback to the 70's perhaps but in a new more subtle manner) and the denim is terrific. Soft but thick. Overall I would actually buy these again.",
359b67953b9a57011a624367aac9286a,All_Beauty,5.0,0.693159138264585,False,One-off,0.3293549935038067,9,... my skin feel soft and not at all oily like other products I have tried. Makes my skin feel soft and not at all oily like other products I have tried.,
bd1c898ac4853f51d357585600cc8c5a,Health_and_Personal_Care,5.0,0.6919547549258642,False,One-off,0.5435785784116811,26,Awesome packaging. Fast shipping. Awesome packaging. Fast shipping. Cute blue color. They work awesome and make it so easy to mix my essential oils. Thanks!!,
13a126ccf0a5a4a9e0ed4398d6888942,Amazon_Fashion,4.0,0.6919196596605534,False,Power reviewer,0.27320786451970647,1,"Doesn't Look 100% Like The Picture 🔍👀. The ""Innolite Cross Necklace For Men"" arrives in a plain cardboard box. Inside the box is the necklace in a clear plastic bag on a paper board. I would of been more impressed if the necklace had arrived in a nice white jewelry box. I'm all about the presentation of an item. The cross necklace doesn't look exactly like the ad picture. The chain is actually Black in color & not Silver colored. The chain is also not exactly 24 inches long as stated, when I measured it was around a quarter of an inch off in length. The cross is smaller then I expected in size. All of the ""Lord's Prayer"" is there (just like in the ad picture). The letter ""H"" (in the word ""Heaven"" & the ""T"" (in the word ""Temptation"") are not even with the rest of the letters / words. They are off. It is very noticeable close up. (You can see this in my pictures) The necklace is supposedly made of 316L stainless steel and has a lobster clasp. In my experience stainless steel jewelry has a little weight / heft to it and this necklace really didn't. For under $10, it's a decent item.",
fc4415026adef9255403f08ba42c69f7,Amazon_Fashion,2.0,0.6919196596605534,False,Power reviewer,0.25147330249710476,1,"Way Too Long and Polyester Material Not For Workouts. The Charis Allure Women's Capri Jogger Pants are kind of strange product and not in a good way. FIT: I got a Medium and they are WAY too long to be capri's as the legs touch the top of her ankles. As she is 5'10"", she's never had a problem with fit when buying a Medium - usually the exercise pants she gets are too short. LOOK: Beyond them not being capri length, the blousing on the top and the exterior draw string make these pants look like PJ's rather than exercise pants. MATERIAL: Polyester is not a material associated with workout gear - at least since the early 90's. The material is very thin so it COULD be used as pants over running shorts on cooler days, but they are so thin I wouldn't wear them without shorts. Overall I was not super enthused by the Charis Allure Women's Capri Jogger Pants. They aren't priced yet, but I would assume they'd cost between $12-$20. My wife plans on giving them to one of our daughters for PJ pants. Not good for much else...",
4e912d0989aaad47f1e19f7bc25e3a95,Amazon_Fashion,2.0,0.6911220088409996,False,Power reviewer,0.34498667523341575,1,"There's a hole in the toe. Snug, but comfortable on a size 10 men's foot. Unfortunately, right out of the package they had a hole in them. :-(",
9bef2de26532677d1f60f5c83ad00deb,All_Beauty,5.0,0.6907104660789608,False,Power reviewer,0.33960055127420896,1,"5 stars. I ordered these mostly for the ""clippers!"" My daughter has thin/fine hair that is hard to stay back at times... and she uses the clippers at school to keep her hair out of her eyes. These work great and for the amount, you can alot more than going to your local store and buying them. The ponys are soft and also hold her hair up great. I would recommend them!",
5caaaf396f4f79556c0b7a9d701f7eff,All_Beauty,5.0,0.6906824490689969,False,Regular,0.39628716611823844,4,I got this for my boyfriend to use around his .... I got this for my boyfriend to use around his nose where he gets blackheads. He can quickly use this and be done. I have noticed an improvement in this area since he started using it.,
a27fc121f0b82e642e21226316fdaadf,Amazon_Fashion,5.0,0.6905055980534955,False,Power reviewer,0.224539365052431,1,"Beanie, visor hybrid. Great for late night jog Excellent hat for a late night jog especially when working up a sweat and still want cool air flow around your head. Has a brim for sun/glare protection. Very comfortable to wear",
c33d316294873af5e07829a03b087404,Amazon_Fashion,5.0,0.6903930252677097,False,Power reviewer,0.28576305361645105,1,Pretty color. This is a very nice bag. The quality seemed very good. Everything worked fine on it without a problem. It seemed to be durable. We have used it without a problem. It opens and shuts just fine. It seems to be a decent thickness. Everything in it stays just fine. It is pretty comfortable to carry. It doesn’t feel too bulky. It can hold a decent amount. It looks pretty good on. I like the extra features of it. It is also pretty attractive. It looks nice. I would recommend it.,
c0564eddd50991a9dba69b2a9cca4bd2,Health_and_Personal_Care,5.0,0.690187433917756,False,Power reviewer,0.3857331959510196,1,Quality gift bags!. Used these for wine favors after a dinner party! They were super bold and impressive! Quality and sturdy bags,
fca80133cf497ddd3b08b64b8d11b359,Amazon_Fashion,5.0,0.6900347418079225,False,Power reviewer,0.3499207842296417,1,"Look great while working put. Great fabric, great colors. Comfortable while working out. Can also wear while out.",
701cecb05e74261cedfd5dcabe92de41,Amazon_Fashion,5.0,0.6899239201711752,True,Regular,0.8845110385735943,6,Five Stars. Perfect fit love them,
6a6f40fae14e07196e0b3e550d1224d7,Health_and_Personal_Care,5.0,0.6897206204827313,False,Power reviewer,0.3462481871228478,1,It works. Contains both aloe and a local anesthetic this can certainly soothe a sunburn. Also works well for mosquito bites as well,
00c47546893e912ff9270a734126705e,Amazon_Fashion,5.0,0.6896120009231453,False,Power reviewer,0.19924989650952085,1,"A Strange Design, but Well-Made and Comfortable. I didn’t know exactly what to expect when I ordered these DEENRSEE Micro Modal Open Fly Dual Pouch Men’s Low Rise Boxers. Underwear with a circular opening in the front, behind a “separate mezzanine,” designed to separate the wheat from the chaff, so to speak? I had no idea such things even existed until these showed up in my Vine queue. But I was intrigued enough to click the “Request Product” button. I’m glad I did. The concept behind this underwear is a little weird, but the execution is flawless. The material is extremely soft and smooth, almost satiny, and virtually frictionless. The quality is exceptional, with tight seams (including those around the all-important aforementioned aperture) and no open or missed stitches; these boxers seem well made and durable. As for comfort; well, YMMV, but I found the “unusual” and “interesting” configuration of the crotch area surprisingly innocuous and almost—but not completely—unnoticeable when worn. ‘Nuf said. My only slight gripe is that the sizing information is off a little. My waist measurement puts me right in the sweet spot of the “Medium” size range, so that’s what I ordered, and they’re a little too large to fit perfectly. They still fit all right, but they’re a little looser than I prefer. They seem to run a bit big, so consider that when you order. I like these boxers a lot, and this four-pack gives me an excuse to finally get rid of a few pairs of my ancient, threadbare, Jockey-style briefs. I’ve seen the future of men’s underwear, and it has a “separate mezzanine!”",
6ae45c1f38655784ba7d3c944bad7c25,Amazon_Fashion,3.0,0.6885691653369603,True,Regular,0.7677372063944485,9,Three Stars. Smaller than I expected from XL size,
27ff74faa9bc1fdbe9df383db5d3fa5c,Health_and_Personal_Care,4.0,0.6879480060132602,False,Regular,1.0,1,Four Stars. great for the price,
b0ca3dfa4b97d6b64eac1c4b70bb0d28,Amazon_Fashion,4.0,0.6878847158351237,False,Power reviewer,0.35154868295970554,1,"So cute, look great, need a bit more stretchiness. These are so cute -- they look amazing and are great conversation starters. I have the game set. They are a little tight and I wish they would stretch a little more. If they did, I'd give them 5 stars. They are comfortable enough but I can't say they're extremely comfortable for those of us who like our socks to be a little stretchier.",
911cda003798bc4340f5ae4bf0840285,Amazon_Fashion,4.0,0.6877191712524879,False,Power reviewer,0.3136798419194452,1,"not as comfortable as they could be. 3.5 These have a good stretch and are sort of comfortable for jeans, but compared to some women’s stretch jeans, not really. Some of those feel as comfortable as sweatpants or leggings, and these aren’t there. They are comfortable in a “comfortable for jeans” way, which is to say, compared to stiff scratchy non stretching things, they’re better. Just because they’re for guys doesn’t mean we need to do this, you know? Just use the same fabric.",
2e5c3e6771af68aa1d85a39ae3739fcd,Amazon_Fashion,5.0,0.6872948378554865,False,Power reviewer,0.32759086623825884,1,Lots of compliments!. Perfect for the beach. Nice dangling pieces and are the perfect weight. Feels comfortable.,
99652c4607ef97f0d51e59ce77f42361,Amazon_Fashion,5.0,0.6872853735221965,False,Regular,0.41702861741791264,2,"Worth the price. Arrived quickly, very nice, shiny. Holds a lot of pictures",
efa91f6bc2281d5c94c4f2cc2c8d22cf,Health_and_Personal_Care,4.0,0.6872540272453849,False,Power reviewer,0.364215645620512,1,These work. I have a lot of pain in my feet and after wearing these I have a lot less pain. These are very comfortable to wear and stay in place. It's like walking on a cloud!!!,
1fba3c64785cebd5d73130d33d2db793,Health_and_Personal_Care,5.0,0.6871309827414375,False,Power reviewer,0.25209792892689986,1,"Much easier to use than capsules.. I have wanted to use Gardenia Cambogia extract but in the capsules there is always some additive which I can’t take because of allergies. This “Organic, Vegan, Gluten-Free & Non-GMO is ideal for adding to my smoothies. The product is easy to incorporate into my diet plan and I have had no problems with it. This powder is much more versatile than capsules.",
d047d78056a870672b43f1567d741d96,Amazon_Fashion,5.0,0.6870219227226697,False,Power reviewer,0.25222944726461183,1,"Shiny and strong metal uplifting keychain. This is one of those uplifting reminder message keychains that also looks really nice. It is the perfect stocking stuffer gift, or also for a girl or woman who may be going through a rough time and may need a little encouragement. The message is embossed into the metal which is very strong and polished to a high shine. The key ring is rather small so might not hold many keys, but should work fine for up to about 6 keys. It’s a strong key chain that comes in a lovely gift box.",
cafb17baaf974c8f8e72812a049c0290,Amazon_Fashion,5.0,0.6865572503048267,False,Power reviewer,0.3324131216693409,1,"Beautiful. I bought the gray vest and it's gorgeous. Doesn't fit well close,but I will use it open anyway. Soft and good quality. Buying one more in beige.",
14ddf14fc22a7588d08d2aa5976c9ec5,Health_and_Personal_Care,4.0,0.6864609201526776,False,Power reviewer,0.2922172705568373,1,Good quality but not for me. This mask is of very good quality but did not really suit my needs. It is great if you really need the eye cups so material is not touching your eyes. But other than that I found the mask oversized and bulky. They use the word blindfold in the title and that is how I saw it. When positioned right it did block out all the light but it also felt heavy on my face and due to the size of the mask no matter how much I loosened it it still felt tight in the back. Sleep masks are a personal preference. This one is obviously well made and durable but just too thick and heavy for me. The material did not feel breathable which is something I need.,
f1db5bc86274163086f263b853ca2e9d,All_Beauty,5.0,0.6861610590058729,False,Regular,0.33124527966713657,1,"Really nice brushes. They're all soft tipped but firm. Really nice brushes. They're all soft tipped but firm. I have not found one hair shed. These arrived super quick and in great condition from packaging being done right! I have a makeup brush obsession so when I seen these gorgeous brushes, I couldn't turn them away! They are just as great as I hoped for as well. They withheld their first cleaning without any shedding of the hairs and they dried super quick. The bristles are super soft, yet can withstand both liquids and powders without any signs of losing shape or bristles. Each brush comes individually wrapped in a cellophane bag. When opened there was an overwhelming solvent smell. It was is if the handles had been finished and put directly in the bag before they were dry. But the handles are dry. In fact the finish is very nice and smooth. The smell coming of just one is enough to give me a headache. I had to wash these with dish soap and olive oil right away, the smell was very off-putting. The ferule is professionally glued to the handle and bristles, so they will never fall apart like others. I received these at a discount to test and review, and these may easily become some of my main brushes. Bristles are synthetic but they are so soft that feels a lot like natural, also they are very dense and the benefit of using these very dense synthetic brushes is they are perfect for either powder, cream or liquid products, it's very hard to get them stained as long as you take good care of them. These brushes are really well made. The handles have a great weight to them and are very sturdy. The bristles are well attached and do not come loose at all. I have already cleaned them once and they hold up perfectly. The bristles are SO soft, which is awesome because the brushes do not irritate my skin at all. Having soft bristles is especially important for applying make up to the delicate skin around the eyes. Another thing I really like about this pack is the variety of brushes that you get. They are different not only in size but also in shape of the bristles. It is important to use the correct brush for the application you are doing and this pack makes that easy. I actually washed them again a couple more times and let them dry out and that pretty much got rid of the smell. These are now my main foundation, contouring, blush and eye shadow brushes. They work very well and I have no complaints.",
2d3e556a46c10fdcb558bb88a976d22f,Amazon_Fashion,5.0,0.6859210554808444,True,Power reviewer,0.7788224484812837,1,Five Stars. looks great on,
6ba884f5437b9bc9a8dc36c4613f80a6,All_Beauty,1.0,0.6857397155727688,True,Regular,0.49904341596588675,3,frizzy hair and dry. they are not as i expected . the shampoo makes my hair dry and frizzy.,
