user_key,user_id,lifetime_reviews,categories_reviewed,avg_rating_given,total_helpful_votes,verified_share,first_review_date,last_review_date,reviewer_segment
1,AE22236AFRRSMQIKGG7TPTB75QEA,1,1,5.0,0.0,1.0,2021-01-26,2021-01-26,One-off
2,AE2224EKBYOTIAXL7PC7KRQIXHOA,1,1,2.0,0.0,1.0,2018-06-25,2018-06-25,One-off
3,AE222BBOVZIF42YOOPNBXL4UUMYA,1,1,5.0,0.0,1.0,2016-03-10,2016-03-10,One-off
4,AE222BXSMOAK65FICCF3SAG2FTIA,1,1,5.0,0.0,0.0,2023-08-02,2023-08-02,One-off
5,AE222CDPBUOEJLIFR5X6KMP7YDFA,1,1,5.0,0.0,1.0,2018-06-07,2018-06-07,One-off
6,AE222FP7YRNFCEQ2W3ZDIGMSYTLQ,1,1,5.0,0.0,1.0,2023-03-07,2023-03-07,One-off
7,AE222GY2VH7MEWI4N5AHPXB5CP5A,1,1,5.0,0.0,1.0,2019-06-21,2019-06-21,One-off
8,AE222H3FGXWLHRFUMGMS2RR57NDQ,2,1,3.5,0.0,1.0,2017-03-20,2019-11-05,One-off
9,AE222HRNGARBTPMBFOETLSAGJMHA,1,1,5.0,0.0,1.0,2023-01-04,2023-01-04,One-off
10,AE222LBLDIVPM4XEAAVWPUAY54BA,1,1,5.0,1.0,1.0,2018-03-05,2018-03-05,One-off
11,AE222NQXWES2RIDV6R47JZFJAVEA,1,1,1.0,1.0,1.0,2021-12-22,2021-12-22,One-off
12,AE222OUMMJSNQDOUJ5CXJ5IZ2EGQ,1,1,1.0,0.0,1.0,2022-03-11,2022-03-11,One-off
13,AE222OXZMBDUCEGPIZKWDWEQC5UQ,1,1,5.0,0.0,1.0,2016-08-29,2016-08-29,One-off
14,AE222SFRFOAFCUJ3DKA3MVPDP3IA,1,1,5.0,1.0,1.0,2017-03-24,2017-03-24,One-off
15,AE222X475JC6ONXMIKZDFGQ7IAUA,1,1,5.0,2.0,1.0,2017-01-07,2017-01-07,One-off
16,AE222Y4WTST6BUZ4J5Y2H6QMBITQ,1,1,4.0,1.0,1.0,2013-06-25,2013-06-25,One-off
17,AE222Z5LOSXLLRY2LTS5VRWFU5DA,1,1,5.0,0.0,1.0,2016-09-20,2016-09-20,One-off
18,AE2232TEZOEWQLAFEX2NA6VBGMYQ,1,1,5.0,0.0,1.0,2019-07-30,2019-07-30,One-off
19,AE2233IKA2327CVE7WFSJVHDTPOA,1,1,5.0,0.0,1.0,2019-08-08,2019-08-08,One-off
20,AE2233KDI3KDNI2E63ES2S5352PA,1,1,4.0,0.0,1.0,2020-03-02,2020-03-02,One-off
21,AE22355IAQGYY4EPWWVYX25J7AHA,1,1,1.0,1.0,1.0,2013-05-31,2013-05-31,One-off
22,AE2235F2HUZGAKOG3ON4UFZ2ZMPQ,1,1,4.0,0.0,1.0,2013-01-18,2013-01-18,One-off
23,AE2235Q53V246ISFXCSESYHAVNUA,1,1,3.0,0.0,1.0,2023-01-17,2023-01-17,One-off
24,AE2235WN2DWTRZO2SR55NFAKIBCQ,1,1,1.0,0.0,1.0,2021-04-19,2021-04-19,One-off
25,AE2236UUBI6LTFUVA64J5HBIO6IQ,1,1,5.0,0.0,0.0,2017-01-30,2017-01-30,One-off
26,AE22372J7JGUBWMHLNNR4MTMLILA,2,1,5.0,0.0,1.0,2021-06-11,2022-02-02,One-off
27,AE223DIEYD5X6B3EODUOYEK4KLYQ,1,1,4.0,0.0,1.0,2016-01-29,2016-01-29,One-off
28,AE223EVQI22TZJEZG3F2PG5Y57FQ,1,1,4.0,5.0,1.0,2017-03-03,2017-03-03,One-off
29,AE223FFXZTZKC5B7QSE6KMHTUYNQ,1,1,5.0,0.0,1.0,2016-06-30,2016-06-30,One-off
30,AE223FOBUQAUOSGVCDRABQGKGVSQ,1,1,5.0,1.0,1.0,2014-03-30,2014-03-30,One-off
31,AE223GCF23ATF3EMZVTCPHK5U4YA,1,1,5.0,0.0,1.0,2020-02-06,2020-02-06,One-off
32,AE223GG5KV3JDVKWCPQWHK6A3D6Q,1,1,5.0,0.0,1.0,2017-02-16,2017-02-16,One-off
33,AE223HOY2EL3WT7TJ4O5GIUAGLQA,1,1,5.0,0.0,1.0,2019-01-09,2019-01-09,One-off
34,AE223I33QUEWGRDCGS75YPCZE7JQ,2,1,5.0,0.0,1.0,2017-07-11,2018-07-29,One-off
35,AE223KPXVGRR737JOJXDH6QQBJDQ,1,1,5.0,0.0,1.0,2023-02-12,2023-02-12,One-off
36,AE223M36P2S3ZNONSDHDPPG6BKFQ,1,1,4.0,0.0,1.0,2022-02-26,2022-02-26,One-off
37,AE223N4K4ROAGJPN55UM3IYGGCOQ,1,1,5.0,3.0,1.0,2022-10-24,2022-10-24,One-off
38,AE223NOT6JEDOPGCQLWEMXSXGVWQ,1,1,5.0,0.0,1.0,2015-02-24,2015-02-24,One-off
39,AE223OML4VAG76SI7ZMWHQLA6ZLA,1,1,3.0,0.0,1.0,2017-06-02,2017-06-02,One-off
40,AE223QFU63B3X4P437QAGGX5V3CQ,1,1,5.0,1.0,1.0,2016-04-21,2016-04-21,One-off
41,AE223QPWE2RVXRHYJ5NG54FSJIAA,1,1,5.0,0.0,1.0,2020-10-14,2020-10-14,One-off
42,AE223RTPWMG62AWDZGIP25SOQNOA,1,1,4.0,0.0,1.0,2019-10-14,2019-10-14,One-off
43,AE223TLCV274EETT6YJJOJ4IMCZA,2,2,3.0,2.0,1.0,2018-04-28,2019-06-16,One-off
44,AE223UCAOICTWHLEXH5FXEBT4CYA,1,1,3.0,0.0,1.0,2018-08-11,2018-08-11,One-off
45,AE223UUOHC3V2XF4JOTTDDSBODSQ,1,1,1.0,0.0,1.0,2018-06-01,2018-06-01,One-off
46,AE223VVHJCSFYXSCGNVOMWGRTOKA,1,1,3.0,2.0,1.0,2021-11-07,2021-11-07,One-off
47,AE223WWYN72ZRICUSC44XXX76QJA,1,1,3.0,0.0,1.0,2019-02-07,2019-02-07,One-off
48,AE223YNB742YCE2HSRKGR4INFPQQ,1,1,5.0,0.0,1.0,2014-07-21,2014-07-21,One-off
49,AE223YXXEUD6VW2JKXCJLLIEOC2Q,1,1,1.0,0.0,1.0,2017-08-16,2017-08-16,One-off
50,AE223ZGPEUTUFG772LM6UEQYYJTQ,1,1,5.0,0.0,1.0,2019-09-29,2019-09-29,One-off
