review_id,date_key,product_key,user_key,rating,helpful_vote,verified_purchase,has_images,is_positive,is_negative,review_ts,category
71679cb75249ca8f8a45f050dcbf2a49,20230321,950485,2835604,5.0,1,true,true,true,false,2023-03-21 12:19:46.575+07,All_Beauty
45a6c18bdfe978bb772286cf151a0832,20210118,577177,1704528,5.0,0,true,false,true,false,2021-01-18 11:36:48.603+07,All_Beauty
9246aaf740f925e2c87431fef94b9f47,20220510,646863,1737829,5.0,0,true,false,true,false,2022-05-10 03:56:55.957+07,All_Beauty
0ba2640d57542e8d733468d9360e497c,20211111,921161,1937889,1.0,0,true,false,false,true,2021-11-11 02:28:23.433+07,All_Beauty
beed08f07eccd526e05512207deee4b1,20200629,732726,594668,4.0,9,false,false,true,false,2020-06-29 20:55:38.461+07,All_Beauty
642911c9d549ebf0f4f2754b5a36b857,20181225,308080,1964361,5.0,0,false,false,true,false,2018-12-25 07:58:33.582+07,All_Beauty
dd50e8c456ec680e54177d5bdc9d4f08,20170207,6166,84523,4.0,0,true,false,true,false,2017-02-07 13:56:37+07,All_Beauty
c13305bff444dc6f316a68d7a346aae8,20200829,647247,1463467,5.0,0,true,false,true,false,2020-08-29 21:27:26.095+07,All_Beauty
fe9797b60882f9d1b7d72552818689aa,20200127,430813,1583022,4.0,0,true,false,true,false,2020-01-27 05:19:50.932+07,All_Beauty
630165fb0e4d1039535b0f54533e04cd,20210421,151530,2644491,5.0,0,true,false,true,false,2021-04-21 22:35:00.538+07,All_Beauty
2ba99960d78d853227f364faa3301645,20210323,734687,2644491,5.0,0,true,false,true,false,2021-03-23 03:28:49.639+07,All_Beauty
7d63902d9e2277d915e79492f5187f5f,20211212,785504,1500954,5.0,0,true,false,true,false,2021-12-12 18:07:01.864+07,All_Beauty
50948be31d1a1a32c00150f63b48d0f2,20220814,952311,231753,5.0,0,true,false,true,false,2022-08-14 15:44:23.78+07,All_Beauty
a1b88dba7add9d4672d05a8b6ebd90e0,20221007,983098,1771454,5.0,0,true,false,true,false,2022-10-07 03:32:11.91+07,All_Beauty
ff97ecf31848d41880f8bbede20a8b2f,20211013,831525,2630791,3.0,0,true,true,false,false,2021-10-13 02:47:29.24+07,All_Beauty
047ed8d63360f74c311718c448eaf673,20210416,700297,888423,2.0,0,true,false,false,true,2021-04-16 08:49:38.104+07,All_Beauty
b609f5eb7774fd772a4706ef5776b30c,20210101,786941,1334828,5.0,0,true,false,true,false,2021-01-01 23:59:05.771+07,All_Beauty
33842ecf22750ddbdb622d70cc6c613e,20191104,584498,1587745,1.0,0,true,false,false,true,2019-11-04 06:29:22.659+07,All_Beauty
fbc1e586743e54fed8cb6eba99624d18,20191003,66901,2897989,1.0,0,true,true,false,true,2019-10-03 19:12:03.912+07,All_Beauty
411c8f5fcb28f0f1bb3f0626a332d463,20210823,766024,1201892,5.0,0,true,false,true,false,2021-08-23 20:02:57.718+07,All_Beauty
8f66b95dfa352cb2228f23b18cc803f8,20210710,479114,1406182,5.0,0,true,false,true,false,2021-07-10 09:51:33.99+07,All_Beauty
16808d44659a78f19c5e6f6bc3ace1a3,20210812,544611,711165,4.0,0,true,false,true,false,2021-08-12 09:30:18.874+07,All_Beauty
61aca5e5f2e58b8cda32ce2452f04a9e,20200227,352637,1699899,5.0,0,true,false,true,false,2020-02-27 00:16:41.69+07,All_Beauty
85ed7260adae6481b7e4c28d1c277d18,20190309,998831,610153,5.0,0,true,false,true,false,2019-03-09 19:52:22.323+07,All_Beauty
c804a4c6ac26f91ca55aedd3b6596c30,20140603,305421,1036687,5.0,1,true,false,true,false,2014-06-03 08:07:42+07,All_Beauty
f303d773068c454e42db99cb37a4b75c,20211203,988048,1978910,5.0,0,true,false,true,false,2021-12-03 11:40:56.617+07,All_Beauty
4a9999a05447b34c891d445846439531,20190906,554961,966354,2.0,3,true,false,false,true,2019-09-06 00:27:18.079+07,All_Beauty
4ad5c48c3394faab15ac2b0bbb3649f2,20191223,694992,576423,5.0,1,true,false,true,false,2019-12-23 09:56:12.967+07,All_Beauty
69cc5b7108aa29cd61deb3b1679f5c75,20220106,930082,2682503,1.0,4,true,false,false,true,2022-01-06 07:10:22.428+07,All_Beauty
0971dfc59d9c353db1dacf85bf0eef21,20210428,203548,2682503,5.0,0,true,false,true,false,2021-04-28 10:39:45.201+07,All_Beauty
66d4fe0b5e65893f341e5f8c30c6d180,20200915,694262,217354,5.0,0,true,false,true,false,2020-09-15 11:16:55.664+07,All_Beauty
5deefb05c119cff05e63f32b7e7b0c60,20200428,451236,2884803,5.0,1,true,false,true,false,2020-04-28 06:29:01.362+07,All_Beauty
6cf4d2072191728554a3540ecd8b09b0,20210628,890531,1769311,5.0,0,false,false,true,false,2021-06-28 22:49:12.084+07,All_Beauty
88c6e1747383659417296b6fb66cde78,20160703,126586,2605050,4.0,0,true,false,true,false,2016-07-03 12:09:07+07,All_Beauty
3799e6711ace84be4176848147280359,20200715,665274,2232891,2.0,0,true,false,false,true,2020-07-15 11:53:17.053+07,All_Beauty
5d863355882720f51fb8dcdbf698aecc,20220429,880261,2061107,5.0,0,true,false,true,false,2022-04-29 05:47:27.652+07,All_Beauty
40a1826c7b379f02351cb0c393da1d22,20191231,663236,633114,1.0,0,true,false,false,true,2019-12-31 23:33:34.186+07,All_Beauty
e3c37c855f44957d9978a9819ef833a5,20170521,267437,1242459,5.0,1,true,false,true,false,2017-05-21 07:53:29+07,All_Beauty
eaf2f318ba2fa13caad6be47a6d33617,20220221,284936,731829,5.0,0,true,false,true,false,2022-02-21 05:07:05.639+07,All_Beauty
3e8115295410f360a99717850ffdf1a9,20210130,848759,519969,4.0,1,true,false,true,false,2021-01-30 05:45:03.202+07,All_Beauty
13651ebe36e99287ccede158c8da8390,20120504,11542,1594465,5.0,1,true,false,true,false,2012-05-04 19:42:04+07,All_Beauty
8ff854dcdb9cc2e64f09cce998c7bcbb,20200901,768586,194151,3.0,0,true,false,false,false,2020-09-01 07:23:25.045+07,All_Beauty
55fe40c1c96c50665974401db780c963,20190131,561266,877637,5.0,0,true,false,true,false,2019-01-31 04:51:18.423+07,All_Beauty
2a3cf4797ebbf370b387f723fcf1913f,20170126,15692,2548274,4.0,0,true,false,true,false,2017-01-26 03:10:50+07,All_Beauty
d8ca5b42860c844faa49a7e2cfc6dfe0,20230111,928646,307220,5.0,0,true,true,true,false,2023-01-11 03:44:34.048+07,All_Beauty
e3f011e9978e41db4c6e7eed37049330,20160926,162520,2914062,4.0,2,true,false,true,false,2016-09-26 03:02:14+07,All_Beauty
eaa3192d9bdd0889d19a51055bac73bc,20170110,175011,1415820,5.0,0,true,false,true,false,2017-01-10 02:54:12+07,All_Beauty
eb7249fb8dfc67d02d651c941c68fc22,20180301,376786,2206862,1.0,1,true,false,false,true,2018-03-01 05:36:42.029+07,All_Beauty
bb4edfcc22105b8576affef876eb25f3,20210514,812474,2152595,5.0,1,true,true,true,false,2021-05-14 02:56:41.219+07,All_Beauty
173fb515ad892d0e849f9994b8c60cc9,20200111,696395,2152595,4.0,0,false,false,true,false,2020-01-11 09:43:42.662+07,All_Beauty
0ad7c5924e14fe24c3351a0020a5c14f,20200526,387073,1734790,5.0,0,true,false,true,false,2020-05-26 07:23:44.079+07,All_Beauty
769df39b55b28039fa9a0de0b94d57b3,20190722,600310,2826018,5.0,0,true,false,true,false,2019-07-22 16:43:58.308+07,All_Beauty
e44cfa11773bac824e37a8a4aba4c448,20201211,766259,943808,5.0,0,true,false,true,false,2020-12-11 13:50:13.178+07,All_Beauty
6ad2850649735dfff5b0759e298cf227,20201202,767476,943808,5.0,0,true,false,true,false,2020-12-02 07:18:44.484+07,All_Beauty
32cbd8695622b67cca16197df43cd38a,20220916,490824,1819939,5.0,1,true,false,true,false,2022-09-16 01:10:37.77+07,All_Beauty
342952562552c107b053daf8e8ca5a17,20200813,769656,497288,5.0,1,true,false,true,false,2020-08-13 08:08:01.396+07,All_Beauty
1e124fd5dbbb42269d08e428e98c4906,20210124,320370,1612503,5.0,0,true,true,true,false,2021-01-24 01:47:28.28+07,All_Beauty
1652849505e2c6ad68c5ebc42cb5ef0d,20200713,301705,185607,5.0,0,true,false,true,false,2020-07-13 21:41:29.555+07,All_Beauty
2dfd29c22b9049bd34e3be65b50f076d,20200829,719252,656780,5.0,0,true,false,true,false,2020-08-29 07:33:12.534+07,All_Beauty
ea4f4f9671bd419bf35a70e006fdf1b2,20180912,504695,2806650,3.0,1,true,false,false,false,2018-09-12 21:51:24.999+07,All_Beauty
b19957b8d3fa3c50ed7ece5fae8e423a,20191216,536476,2347346,5.0,1,true,false,true,false,2019-12-16 03:24:41.646+07,All_Beauty
89f8bb8bf4f030cb291d9665312b1804,20201018,783885,367617,5.0,0,true,false,true,false,2020-10-18 05:29:40.815+07,All_Beauty
af86301d10e5ae9b107cf8ffc996a748,20191022,269791,367617,1.0,0,true,false,false,true,2019-10-22 05:53:09.011+07,All_Beauty
cbd67221457bed8bddbcf95e48a61757,20190615,557762,367617,5.0,2,true,false,true,false,2019-06-15 19:09:42.526+07,All_Beauty
b9990de2806648f8737eb1efb641dc2b,20201228,543408,2361675,2.0,1,true,false,false,true,2020-12-28 20:27:55.034+07,All_Beauty
dc0215c0f7b0ed2869276e2dbae9d4fa,20180331,433919,2785930,5.0,0,true,true,true,false,2018-03-31 04:22:31.147+07,All_Beauty
9aead43ff157ab5e8ab43f86a41e25c9,20150227,29657,2785930,5.0,0,true,false,true,false,2015-02-27 09:37:01+07,All_Beauty
8a3713751fc7ad2d1e56e35bfdb56f4d,20200321,655579,626397,5.0,0,true,false,true,false,2020-03-21 16:02:39.382+07,All_Beauty
42a88b7222d79c013fa529b6e8b81cff,20230321,996775,263250,5.0,0,false,false,true,false,2023-03-21 10:30:26.193+07,All_Beauty
956a2c85ba1e33eea7ef05a1566ef770,20181201,157950,1374798,3.0,0,true,false,false,false,2018-12-01 02:19:39.815+07,All_Beauty
7bfca418e8c2f8059400068a177288f1,20220514,705697,457816,5.0,0,true,false,true,false,2022-05-14 08:04:35.676+07,All_Beauty
ddea8f677bfcaed604023745666b5aef,20150820,585523,2094231,5.0,0,true,false,true,false,2015-08-20 07:33:42+07,All_Beauty
21be4d06fd123df6a2faf401bcd11be6,20190528,566852,436140,3.0,0,true,false,false,false,2019-05-28 17:45:58.176+07,All_Beauty
ef56052163c1a01bd261f6fc3e241e29,20190207,422017,366689,2.0,1,true,false,false,true,2019-02-07 06:08:07.427+07,All_Beauty
985a8cba7773f2857179618a31857820,20170225,295868,149436,5.0,0,true,false,true,false,2017-02-25 19:17:36+07,All_Beauty
052c0b9ea2fc1b0f197152c6d898a25e,20180622,466279,858155,5.0,0,true,false,true,false,2018-06-22 12:33:22.697+07,All_Beauty
adfb335db8a252f04c4aa67138738f09,20200223,650417,2172013,5.0,0,true,false,true,false,2020-02-23 13:04:08.189+07,All_Beauty
ac0729c3e57362e416219591d344f58e,20171109,170902,2274546,5.0,0,true,false,true,false,2017-11-09 03:26:35.953+07,All_Beauty
b8038f4274e3b5e612d3c953c5eac94e,20171109,83820,2274546,5.0,0,true,false,true,false,2017-11-09 03:24:53.485+07,All_Beauty
d960ca22e0b0a8d5a004334a3a576019,20210730,882826,1018232,1.0,0,true,false,false,true,2021-07-30 03:55:43.927+07,All_Beauty
df8844e217ef958acf4423bc0fa24287,20210625,695111,1880670,2.0,0,true,false,false,true,2021-06-25 04:46:16.619+07,All_Beauty
94986ad83f219864b39d0a28278fa4b6,20210624,317912,345415,5.0,0,true,false,true,false,2021-06-24 07:14:43.757+07,All_Beauty
eec0e37d8fcd806f540dcaa0eb41484a,20190504,395691,678144,4.0,0,true,false,true,false,2019-05-04 10:43:23.789+07,All_Beauty
b78933d10d534532aee82fcd3f32fa08,20170108,175541,2512309,5.0,0,true,false,true,false,2017-01-08 07:51:35+07,All_Beauty
2057f52df992f61120556d6ec6c49adc,20081130,4836,2641370,2.0,0,false,false,false,true,2008-11-30 01:36:13+07,All_Beauty
f4071cab60ecce3384f2ce70387fd2a7,20200207,447037,1311800,4.0,0,true,false,true,false,2020-02-07 22:03:02.375+07,All_Beauty
a4275a642890c1cf5d7bb802351aaafa,20200817,734356,1791065,5.0,0,true,false,true,false,2020-08-17 23:33:19.659+07,All_Beauty
b548c532eb5a067a000e8e8fb51a9689,20190823,530178,327217,5.0,1,true,false,true,false,2019-08-23 15:29:57.736+07,All_Beauty
11c056a5c7f8661b85c2cfdd66a2cd7e,20201030,998719,2636037,5.0,0,true,false,true,false,2020-10-30 14:38:04.968+07,All_Beauty
68e751867ace5d7645ffa4ffcbe19c79,20201030,749306,2636037,5.0,0,true,false,true,false,2020-10-30 14:35:52.053+07,All_Beauty
d031b3b09d8dc2e7e987741fe1550c2d,20170608,318213,1835885,5.0,3,true,true,true,false,2017-06-08 21:22:05+07,All_Beauty
68743565fda2ed1c8d10772b4890ccff,20200820,8250,2561798,5.0,0,true,false,true,false,2020-08-20 23:56:59.407+07,All_Beauty
7db9dd40e00af9efe5ada90c6ce852a5,20161025,194275,1963110,1.0,0,true,false,false,true,2016-10-25 03:35:29+07,All_Beauty
4f13657c11777a51bbe469a3d0313010,20200511,673025,1686334,5.0,0,false,false,true,false,2020-05-11 04:41:11.366+07,All_Beauty
5abec543c499fc20f74bd6ccf6d121a2,20210830,878708,2641836,5.0,0,true,false,true,false,2021-08-30 05:44:54.79+07,All_Beauty
417ccbdf62cfb80365d435bc4cb21cc3,20171110,209312,120406,5.0,1,false,false,true,false,2017-11-10 01:40:46.419+07,All_Beauty
b7a9af16e430fb691754bcb80beade3a,20211006,816001,94299,3.0,0,true,false,false,false,2021-10-06 23:34:35.903+07,All_Beauty
3f1d7f12315f8bc7e92581ded44d93a0,20181016,468761,576167,5.0,2,true,false,true,false,2018-10-16 16:51:27.868+07,All_Beauty
b5fe2efeed59a7e39ca0186aa4cc1ae9,20221206,895052,2152440,5.0,0,true,false,true,false,2022-12-06 13:56:18.125+07,All_Beauty
b71b05103f668a8b7668c14945fee474,20170125,254995,60062,1.0,1,true,false,false,true,2017-01-25 02:48:07+07,All_Beauty
